{"regret": {"precision": 0.2928870292887029, "recall": 0.3181818181818182, "f1-score": 0.30501089324618735, "support": 220}, "confusion": {"precision": 0.4105691056910569, "recall": 0.4410480349344978, "f1-score": 0.42526315789473684, "support": 229}, "determination": {"precision": 0.4448669201520912, "recall": 0.5064935064935064, "f1-score": 0.47368421052631576, "support": 231}, "doubt": {"precision": 0.27547169811320754, "recall": 0.31877729257641924, "f1-score": 0.29554655870445345, "support": 229}, "envy": {"precision": 0.3094170403587444, "recall": 0.3026315789473684, "f1-score": 0.3059866962305987, "support": 228}, "admiration": {"precision": 0.19543973941368079, "recall": 0.2597402597402597, "f1-score": 0.2230483271375465, "support": 231}, "sadness": {"precision": 0.5022421524663677, "recall": 0.5258215962441315, "f1-score": 0.5137614678899082, "support": 213}, "gratitude": {"precision": 0.30864197530864196, "recall": 0.336322869955157, "f1-score": 0.3218884120171674, "support": 223}, "elevation_rejoicing": {"precision": 0.3452914798206278, "recall": 0.33771929824561403, "f1-score": 0.34146341463414637, "support": 228}, "positive_surprise": {"precision": 0.4576923076923077, "recall": 0.5, "f1-score": 0.4779116465863454, "support": 238}, "fear": {"precision": 0.5480769230769231, "recall": 0.5022026431718062, "f1-score": 0.5241379310344827, "support": 227}, "negative_surprise": {"precision": 0.34673366834170855, "recall": 0.296137339055794, "f1-score": 0.3194444444444444, "support": 233}, "anger": {"precision": 0.4807692307692308, "recall": 0.5530973451327433, "f1-score": 0.5144032921810701, "support": 226}, "amusement": {"precision": 0.3975409836065574, "recall": 0.44495412844036697, "f1-score": 0.4199134199134199, "support": 218}, "rejection": {"precision": 0.2931937172774869, "recall": 0.25688073394495414, "f1-score": 0.27383863080684595, "support": 218}, "schadenfreude": {"precision": 0.3850267379679144, "recall": 0.32, "f1-score": 0.3495145631067961, "support": 225}, "satisfaction_contentment": {"precision": 0.4597156398104265, "recall": 0.42543859649122806, "f1-score": 0.44191343963553525, "support": 228}, "distress_pain": {"precision": 0.541871921182266, "recall": 0.49327354260089684, "f1-score": 0.516431924882629, "support": 223}, "awe": {"precision": 0.44680851063829785, "recall": 0.46255506607929514, "f1-score": 0.45454545454545453, "support": 227}, "inspiration": {"precision": 0.33678756476683935, "recall": 0.2813852813852814, "f1-score": 0.30660377358490565, "support": 231}, "triumph_achievement": {"precision": 0.2903225806451613, "recall": 0.32432432432432434, "f1-score": 0.3063829787234043, "support": 222}, "hope": {"precision": 0.28272251308900526, "recall": 0.24107142857142858, "f1-score": 0.26024096385542167, "support": 224}, "neutral": {"precision": 0.5899581589958159, "recall": 0.6294642857142857, "f1-score": 0.6090712742980562, "support": 224}, "sensory_pleasure": {"precision": 0.33617021276595743, "recall": 0.3511111111111111, "f1-score": 0.3434782608695652, "support": 225}, "sexual_lust": {"precision": 0.43820224719101125, "recall": 0.3696682464454976, "f1-score": 0.4010282776349614, "support": 211}, "peacefulness_serenity": {"precision": 0.43776824034334766, "recall": 0.45739910313901344, "f1-score": 0.4473684210526316, "support": 223}, "boredom": {"precision": 0.3763837638376384, "recall": 0.46153846153846156, "f1-score": 0.41463414634146345, "support": 221}, "concentration": {"precision": 0.6, "recall": 0.5550660792951542, "f1-score": 0.5766590389016018, "support": 227}, "interest_curiosity": {"precision": 0.41954022988505746, "recall": 0.3133047210300429, "f1-score": 0.3587223587223587, "support": 233}, "nostalgia": {"precision": 0.3665158371040724, "recall": 0.34913793103448276, "f1-score": 0.3576158940397351, "support": 232}, "sarcasm": {"precision": 0.3425925925925926, "recall": 0.32456140350877194, "f1-score": 0.3333333333333333, "support": 228}, "contempt": {"precision": 0.39325842696629215, "recall": 0.3056768558951965, "f1-score": 0.343980343980344, "support": 229}, "happiness_joy": {"precision": 0.35964912280701755, "recall": 0.37104072398190047, "f1-score": 0.36525612472160357, "support": 221}, "anxiety": {"precision": 0.30412371134020616, "recall": 0.2599118942731278, "f1-score": 0.2802850356294536, "support": 227}, "disgust": {"precision": 0.5172413793103449, "recall": 0.547945205479452, "f1-score": 0.5321507760532151, "support": 219}, "excitement_expectation": {"precision": 0.38207547169811323, "recall": 0.36, "f1-score": 0.3707093821510297, "support": 225}, "disappointment": {"precision": 0.2698412698412698, "recall": 0.22869955156950672, "f1-score": 0.24757281553398056, "support": 223}, "relief": {"precision": 0.35359116022099446, "recall": 0.28444444444444444, "f1-score": 0.3152709359605911, "support": 225}, "embarrassment": {"precision": 0.34935897435897434, "recall": 0.5023041474654378, "f1-score": 0.4120982986767486, "support": 217}, "guilt": {"precision": 0.26339285714285715, "recall": 0.25877192982456143, "f1-score": 0.26106194690265483, "support": 228}, "pride": {"precision": 0.33191489361702126, "recall": 0.34513274336283184, "f1-score": 0.3383947939262473, "support": 226}, "being moved": {"precision": 0.4246575342465753, "recall": 0.4043478260869565, "f1-score": 0.4142538975501113, "support": 230}, "shame": {"precision": 0.38461538461538464, "recall": 0.4017857142857143, "f1-score": 0.3930131004366812, "support": 224}, "accuracy": 0.38381596206235497, "macro avg": {"precision": 0.3851736764331509, "recall": 0.38420306079233113, "f1-score": 0.38299384598030345, "support": 9911}, "weighted avg": {"precision": 0.385024023703634, "recall": 0.38381596206235497, "f1-score": 0.38272918039112475, "support": 9911}}