mean_fit_time,std_fit_time,mean_score_time,std_score_time,params,split0_test_score,split1_test_score,mean_test_score,std_test_score,rank_test_score
0.0022200345993041992,5.6624412536621094e-05,0.04776298999786377,0.011696219444274902,{},0.583416193181818,0.572265625,0.577840909090909,0.005575284090909016,1
