mean_fit_time,std_fit_time,mean_score_time,std_score_time,params,split0_test_score,split1_test_score,mean_test_score,std_test_score,rank_test_score
0.19967710971832275,0.000512242317199707,0.05495297908782959,0.00048792362213134766,{},0.6410675262237763,0.6123860677083333,0.6267267969660548,0.014340729257721507,1
