{"regret": {"precision": 0.24206349206349206, "recall": 0.2772727272727273, "f1-score": 0.2584745762711865, "support": 220}, "confusion": {"precision": 0.39568345323741005, "recall": 0.48034934497816595, "f1-score": 0.4339250493096647, "support": 229}, "determination": {"precision": 0.39361702127659576, "recall": 0.4805194805194805, "f1-score": 0.43274853801169594, "support": 231}, "doubt": {"precision": 0.2509505703422053, "recall": 0.28820960698689957, "f1-score": 0.2682926829268293, "support": 229}, "envy": {"precision": 0.24166666666666667, "recall": 0.2543859649122807, "f1-score": 0.24786324786324784, "support": 228}, "admiration": {"precision": 0.17857142857142858, "recall": 0.21645021645021645, "f1-score": 0.19569471624266144, "support": 231}, "sadness": {"precision": 0.4305555555555556, "recall": 0.43661971830985913, "f1-score": 0.43356643356643354, "support": 213}, "gratitude": {"precision": 0.2033898305084746, "recall": 0.26905829596412556, "f1-score": 0.23166023166023167, "support": 223}, "elevation_rejoicing": {"precision": 0.2421875, "recall": 0.2719298245614035, "f1-score": 0.25619834710743805, "support": 228}, "positive_surprise": {"precision": 0.4166666666666667, "recall": 0.4831932773109244, "f1-score": 0.4474708171206226, "support": 238}, "fear": {"precision": 0.39357429718875503, "recall": 0.43171806167400884, "f1-score": 0.4117647058823529, "support": 227}, "negative_surprise": {"precision": 0.28193832599118945, "recall": 0.27467811158798283, "f1-score": 0.27826086956521745, "support": 233}, "anger": {"precision": 0.5720338983050848, "recall": 0.5973451327433629, "f1-score": 0.5844155844155845, "support": 226}, "amusement": {"precision": 0.35335689045936397, "recall": 0.45871559633027525, "f1-score": 0.3992015968063873, "support": 218}, "rejection": {"precision": 0.24867724867724866, "recall": 0.21559633027522937, "f1-score": 0.23095823095823098, "support": 218}, "schadenfreude": {"precision": 0.328125, "recall": 0.28, "f1-score": 0.302158273381295, "support": 225}, "satisfaction_contentment": {"precision": 0.497907949790795, "recall": 0.5219298245614035, "f1-score": 0.5096359743040686, "support": 228}, "distress_pain": {"precision": 0.4701195219123506, "recall": 0.5291479820627802, "f1-score": 0.4978902953586498, "support": 223}, "awe": {"precision": 0.38388625592417064, "recall": 0.3568281938325991, "f1-score": 0.36986301369863017, "support": 227}, "inspiration": {"precision": 0.275, "recall": 0.23809523809523808, "f1-score": 0.2552204176334107, "support": 231}, "triumph_achievement": {"precision": 0.34782608695652173, "recall": 0.36036036036036034, "f1-score": 0.3539823008849557, "support": 222}, "hope": {"precision": 0.20540540540540542, "recall": 0.16964285714285715, "f1-score": 0.1858190709046455, "support": 224}, "neutral": {"precision": 0.5409836065573771, "recall": 0.5892857142857143, "f1-score": 0.5641025641025642, "support": 224}, "sensory_pleasure": {"precision": 0.395, "recall": 0.3511111111111111, "f1-score": 0.3717647058823529, "support": 225}, "sexual_lust": {"precision": 0.4321608040201005, "recall": 0.4075829383886256, "f1-score": 0.4195121951219512, "support": 211}, "peacefulness_serenity": {"precision": 0.4732142857142857, "recall": 0.47533632286995514, "f1-score": 0.4742729306487696, "support": 223}, "boredom": {"precision": 0.4444444444444444, "recall": 0.4343891402714932, "f1-score": 0.4393592677345538, "support": 221}, "concentration": {"precision": 0.5504587155963303, "recall": 0.5286343612334802, "f1-score": 0.5393258426966293, "support": 227}, "interest_curiosity": {"precision": 0.38578680203045684, "recall": 0.3261802575107296, "f1-score": 0.35348837209302325, "support": 233}, "nostalgia": {"precision": 0.34497816593886466, "recall": 0.34051724137931033, "f1-score": 0.34273318872017355, "support": 232}, "sarcasm": {"precision": 0.37714285714285717, "recall": 0.2894736842105263, "f1-score": 0.32754342431761785, "support": 228}, "contempt": {"precision": 0.38125, "recall": 0.2663755458515284, "f1-score": 0.3136246786632391, "support": 229}, "happiness_joy": {"precision": 0.330188679245283, "recall": 0.3167420814479638, "f1-score": 0.32332563510392603, "support": 221}, "anxiety": {"precision": 0.2598870056497175, "recall": 0.2026431718061674, "f1-score": 0.22772277227722773, "support": 227}, "disgust": {"precision": 0.5566037735849056, "recall": 0.5388127853881278, "f1-score": 0.5475638051044084, "support": 219}, "excitement_expectation": {"precision": 0.2876712328767123, "recall": 0.28, "f1-score": 0.2837837837837837, "support": 225}, "disappointment": {"precision": 0.24193548387096775, "recall": 0.20179372197309417, "f1-score": 0.2200488997555012, "support": 223}, "relief": {"precision": 0.3489583333333333, "recall": 0.29777777777777775, "f1-score": 0.3213429256594724, "support": 225}, "embarrassment": {"precision": 0.36909871244635195, "recall": 0.39631336405529954, "f1-score": 0.38222222222222224, "support": 217}, "guilt": {"precision": 0.1943127962085308, "recall": 0.17982456140350878, "f1-score": 0.18678815489749434, "support": 228}, "pride": {"precision": 0.32075471698113206, "recall": 0.3008849557522124, "f1-score": 0.31050228310502287, "support": 226}, "being moved": {"precision": 0.36787564766839376, "recall": 0.30869565217391304, "f1-score": 0.33569739952718675, "support": 230}, "shame": {"precision": 0.33175355450236965, "recall": 0.3125, "f1-score": 0.3218390804597701, "support": 224}, "accuracy": 0.3543537483604076, "macro avg": {"precision": 0.35458724837551187, "recall": 0.3547263922455595, "f1-score": 0.3529972288274075, "support": 9911}, "weighted avg": {"precision": 0.3542691060468074, "recall": 0.3543537483604076, "f1-score": 0.3526432449711744, "support": 9911}}